feature	scenario	test	evidence_class	assertions	exclusions
hooks	installer-managed-hook-invariants	tests/installer-managed-hook-invariants.sh	fixture	Managed header/mode/idempotence; unrelated content preservation; staged hook rollback; safe doctor diagnosis/repair	Fixture stubs model nvram/service/socket/topology inputs; Firmware service dispatcher; hardware/client DHCP; firewall dataplane/isolation; boot persistence; physical resource limits; overnight soak
hooks	installer-event-script-modes	tests/installer-event-script-modes.sh	fixture	Managed header/mode/idempotence; unrelated content preservation; staged hook rollback; safe doctor diagnosis/repair	Fixture stubs model nvram/service/socket/topology inputs; Firmware service dispatcher; hardware/client DHCP; firewall dataplane/isolation; boot persistence; physical resource limits; overnight soak
hooks	installer-event-script-transactions	tests/installer-event-script-transactions.sh	fixture	Managed header/mode/idempotence; unrelated content preservation; staged hook rollback; safe doctor diagnosis/repair	Fixture stubs model nvram/service/socket/topology inputs; Firmware service dispatcher; hardware/client DHCP; firewall dataplane/isolation; boot persistence; physical resource limits; overnight soak
hooks	installer-legacy-hook-cleanup	tests/installer-legacy-hook-cleanup.sh	fixture	Managed header/mode/idempotence; unrelated content preservation; staged hook rollback; safe doctor diagnosis/repair	Fixture stubs model nvram/service/socket/topology inputs; Firmware service dispatcher; hardware/client DHCP; firewall dataplane/isolation; boot persistence; physical resource limits; overnight soak
hooks	installer-doctor-fix-safety	tests/installer-doctor-fix-safety.sh	fixture	Managed header/mode/idempotence; unrelated content preservation; staged hook rollback; safe doctor diagnosis/repair	Fixture stubs model nvram/service/socket/topology inputs; Firmware service dispatcher; hardware/client DHCP; firewall dataplane/isolation; boot persistence; physical resource limits; overnight soak
hooks	installer-doctor-rollback-result	tests/installer-doctor-rollback-result.sh	fixture	Managed header/mode/idempotence; unrelated content preservation; staged hook rollback; safe doctor diagnosis/repair	Fixture stubs model nvram/service/socket/topology inputs; Firmware service dispatcher; hardware/client DHCP; firewall dataplane/isolation; boot persistence; physical resource limits; overnight soak
hooks	installer-jffs-failure	tests/installer-jffs-failure.sh	fixture	Managed header/mode/idempotence; unrelated content preservation; staged hook rollback; safe doctor diagnosis/repair	Fixture stubs model nvram/service/socket/topology inputs; Firmware service dispatcher; hardware/client DHCP; firewall dataplane/isolation; boot persistence; physical resource limits; overnight soak
transactions	installer-file-failure-safety	tests/installer-file-failure-safety.sh	fixture	Owned transaction lifecycle; interruption/update rollback; saved preference continuity; owned uninstall cleanup	Fixture stubs model nvram/service/socket/topology inputs; Firmware service dispatcher; hardware/client DHCP; firewall dataplane/isolation; boot persistence; physical resource limits; overnight soak
transactions	installer-mode-migration-transaction	tests/installer-mode-migration-transaction.sh	fixture	Owned transaction lifecycle; interruption/update rollback; saved preference continuity; owned uninstall cleanup	Fixture stubs model nvram/service/socket/topology inputs; Firmware service dispatcher; hardware/client DHCP; firewall dataplane/isolation; boot persistence; physical resource limits; overnight soak
transactions	installer-lock-release-retry	tests/installer-lock-release-retry.sh	fixture	Owned transaction lifecycle; interruption/update rollback; saved preference continuity; owned uninstall cleanup	Fixture stubs model nvram/service/socket/topology inputs; Firmware service dispatcher; hardware/client DHCP; firewall dataplane/isolation; boot persistence; physical resource limits; overnight soak
transactions	installer-post-replace-restart	tests/installer-post-replace-restart.sh	fixture	Owned transaction lifecycle; interruption/update rollback; saved preference continuity; owned uninstall cleanup	Fixture stubs model nvram/service/socket/topology inputs; Firmware service dispatcher; hardware/client DHCP; firewall dataplane/isolation; boot persistence; physical resource limits; overnight soak
transactions	installer-update-reexec-lock	tests/installer-update-reexec-lock.sh	fixture	Owned transaction lifecycle; interruption/update rollback; saved preference continuity; owned uninstall cleanup	Fixture stubs model nvram/service/socket/topology inputs; Firmware service dispatcher; hardware/client DHCP; firewall dataplane/isolation; boot persistence; physical resource limits; overnight soak
transactions	installer-reaper-owner-publication	tests/installer-reaper-owner-publication.sh	fixture	Owned transaction lifecycle; interruption/update rollback; saved preference continuity; owned uninstall cleanup	Fixture stubs model nvram/service/socket/topology inputs; Firmware service dispatcher; hardware/client DHCP; firewall dataplane/isolation; boot persistence; physical resource limits; overnight soak
transactions	installer-interruption-restart	tests/installer-interruption-restart.sh	fixture	Owned transaction lifecycle; interruption/update rollback; saved preference continuity; owned uninstall cleanup	Fixture stubs model nvram/service/socket/topology inputs; Firmware service dispatcher; hardware/client DHCP; firewall dataplane/isolation; boot persistence; physical resource limits; overnight soak
transactions	installer-binary-rollback-state	tests/installer-binary-rollback-state.sh	fixture	Owned transaction lifecycle; interruption/update rollback; saved preference continuity; owned uninstall cleanup	Fixture stubs model nvram/service/socket/topology inputs; Firmware service dispatcher; hardware/client DHCP; firewall dataplane/isolation; boot persistence; physical resource limits; overnight soak
transactions	installer-committed-binary-cleanup	tests/installer-committed-binary-cleanup.sh	fixture	Owned transaction lifecycle; interruption/update rollback; saved preference continuity; owned uninstall cleanup	Fixture stubs model nvram/service/socket/topology inputs; Firmware service dispatcher; hardware/client DHCP; firewall dataplane/isolation; boot persistence; physical resource limits; overnight soak
transactions	installer-committed-binary-lifecycle	tests/installer-committed-binary-lifecycle.sh	fixture	Owned transaction lifecycle; interruption/update rollback; saved preference continuity; owned uninstall cleanup	Fixture stubs model nvram/service/socket/topology inputs; Firmware service dispatcher; hardware/client DHCP; firewall dataplane/isolation; boot persistence; physical resource limits; overnight soak
transactions	installer-end-op-rollback	tests/installer-end-op-rollback.sh	fixture	Owned transaction lifecycle; interruption/update rollback; saved preference continuity; owned uninstall cleanup	Fixture stubs model nvram/service/socket/topology inputs; Firmware service dispatcher; hardware/client DHCP; firewall dataplane/isolation; boot persistence; physical resource limits; overnight soak
transactions	installer-upgrade-runtime-defaults	tests/installer-upgrade-runtime-defaults.sh	fixture	Owned transaction lifecycle; interruption/update rollback; saved preference continuity; owned uninstall cleanup	Fixture stubs model nvram/service/socket/topology inputs; Firmware service dispatcher; hardware/client DHCP; firewall dataplane/isolation; boot persistence; physical resource limits; overnight soak
transactions	installer-restore-feature-selections	tests/installer-restore-feature-selections.sh	fixture	Owned transaction lifecycle; interruption/update rollback; saved preference continuity; owned uninstall cleanup	Fixture stubs model nvram/service/socket/topology inputs; Firmware service dispatcher; hardware/client DHCP; firewall dataplane/isolation; boot persistence; physical resource limits; overnight soak
transactions	installer-uninstall-cleanup	tests/installer-uninstall-cleanup.sh	fixture	Owned transaction lifecycle; interruption/update rollback; saved preference continuity; owned uninstall cleanup	Fixture stubs model nvram/service/socket/topology inputs; Firmware service dispatcher; hardware/client DHCP; firewall dataplane/isolation; boot persistence; physical resource limits; overnight soak
transactions	installer-branch-switch-cancel	tests/installer-branch-switch-cancel.sh	fixture	Owned transaction lifecycle; interruption/update rollback; saved preference continuity; owned uninstall cleanup	Fixture stubs model nvram/service/socket/topology inputs; Firmware service dispatcher; hardware/client DHCP; firewall dataplane/isolation; boot persistence; physical resource limits; overnight soak
topology	installer-install-mode-detection	tests/installer-install-mode-detection.sh	fixture	WAN/LAN/AP/Bridge selection; NAT eligibility; bind selection; topology policy and scoped configuration	Fixture stubs model nvram/service/socket/topology inputs; Firmware service dispatcher; hardware/client DHCP; firewall dataplane/isolation; boot persistence; physical resource limits; overnight soak
topology	installer-cli-lan-mode	tests/installer-cli-lan-mode.sh	fixture	WAN/LAN/AP/Bridge selection; NAT eligibility; bind selection; topology policy and scoped configuration	Fixture stubs model nvram/service/socket/topology inputs; Firmware service dispatcher; hardware/client DHCP; firewall dataplane/isolation; boot persistence; physical resource limits; overnight soak
topology	installer-cli-ipset-dry-run	tests/installer-cli-ipset-dry-run.sh	fixture	WAN/LAN/AP/Bridge selection; NAT eligibility; bind selection; topology policy and scoped configuration	Fixture stubs model nvram/service/socket/topology inputs; Firmware service dispatcher; hardware/client DHCP; firewall dataplane/isolation; boot persistence; physical resource limits; overnight soak
topology	installer-bind-addresses	tests/installer-bind-addresses.sh	fixture	WAN/LAN/AP/Bridge selection; NAT eligibility; bind selection; topology policy and scoped configuration	Fixture stubs model nvram/service/socket/topology inputs; Firmware service dispatcher; hardware/client DHCP; firewall dataplane/isolation; boot persistence; physical resource limits; overnight soak
topology	installer-lan-startup-generation	tests/installer-lan-startup-generation.sh	fixture	WAN/LAN/AP/Bridge selection; NAT eligibility; bind selection; topology policy and scoped configuration	Fixture stubs model nvram/service/socket/topology inputs; Firmware service dispatcher; hardware/client DHCP; firewall dataplane/isolation; boot persistence; physical resource limits; overnight soak
topology	installer-lan-ipset-yaml-cleanup	tests/installer-lan-ipset-yaml-cleanup.sh	fixture	WAN/LAN/AP/Bridge selection; NAT eligibility; bind selection; topology policy and scoped configuration	Fixture stubs model nvram/service/socket/topology inputs; Firmware service dispatcher; hardware/client DHCP; firewall dataplane/isolation; boot persistence; physical resource limits; overnight soak
topology	installer-reverse-upstream-target	tests/installer-reverse-upstream-target.sh	fixture	WAN/LAN/AP/Bridge selection; NAT eligibility; bind selection; topology policy and scoped configuration	Fixture stubs model nvram/service/socket/topology inputs; Firmware service dispatcher; hardware/client DHCP; firewall dataplane/isolation; boot persistence; physical resource limits; overnight soak
topology	installer-dns-port-policy-defaults	tests/installer-dns-port-policy-defaults.sh	fixture	WAN/LAN/AP/Bridge selection; NAT eligibility; bind selection; topology policy and scoped configuration	Fixture stubs model nvram/service/socket/topology inputs; Firmware service dispatcher; hardware/client DHCP; firewall dataplane/isolation; boot persistence; physical resource limits; overnight soak
topology	wan-nat-predicate-parity	tests/wan-nat-predicate-parity.sh	fixture	WAN/LAN/AP/Bridge selection; NAT eligibility; bind selection; topology policy and scoped configuration	Fixture stubs model nvram/service/socket/topology inputs; Firmware service dispatcher; hardware/client DHCP; firewall dataplane/isolation; boot persistence; physical resource limits; overnight soak
topology	lan-primary-address-selection	tests/lan-primary-address-selection.sh	fixture	WAN/LAN/AP/Bridge selection; NAT eligibility; bind selection; topology policy and scoped configuration	Fixture stubs model nvram/service/socket/topology inputs; Firmware service dispatcher; hardware/client DHCP; firewall dataplane/isolation; boot persistence; physical resource limits; overnight soak
topology	adguardhome-runtime-mode-helpers	tests/adguardhome-runtime-mode-helpers.sh	fixture	WAN/LAN/AP/Bridge selection; NAT eligibility; bind selection; topology policy and scoped configuration	Fixture stubs model nvram/service/socket/topology inputs; Firmware service dispatcher; hardware/client DHCP; firewall dataplane/isolation; boot persistence; physical resource limits; overnight soak
topology	adguardhome-dns-env-lan-mode	tests/adguardhome-dns-env-lan-mode.sh	fixture	WAN/LAN/AP/Bridge selection; NAT eligibility; bind selection; topology policy and scoped configuration	Fixture stubs model nvram/service/socket/topology inputs; Firmware service dispatcher; hardware/client DHCP; firewall dataplane/isolation; boot persistence; physical resource limits; overnight soak
topology	adguardhome-lan-bind-refresh	tests/adguardhome-lan-bind-refresh.sh	fixture	WAN/LAN/AP/Bridge selection; NAT eligibility; bind selection; topology policy and scoped configuration	Fixture stubs model nvram/service/socket/topology inputs; Firmware service dispatcher; hardware/client DHCP; firewall dataplane/isolation; boot persistence; physical resource limits; overnight soak
dns	dns-startup-handoff	tests/dns-startup-handoff.sh	fixture	Modeled handoff and native routing decisions; main/SDN readiness; managed-owner matching; failure rollback	Fixture stubs model nvram/service/socket/topology inputs; Firmware service dispatcher; hardware/client DHCP; firewall dataplane/isolation; boot persistence; physical resource limits; overnight soak
dns	dnsmasq-managed-detection	tests/dnsmasq-managed-detection.sh	fixture	Modeled handoff and native routing decisions; main/SDN readiness; managed-owner matching; failure rollback	Fixture stubs model nvram/service/socket/topology inputs; Firmware service dispatcher; hardware/client DHCP; firewall dataplane/isolation; boot persistence; physical resource limits; overnight soak
dns	dnsmasq-sdn-lifecycle	tests/dnsmasq-sdn-lifecycle.sh	fixture	Modeled handoff and native routing decisions; main/SDN readiness; managed-owner matching; failure rollback	Fixture stubs model nvram/service/socket/topology inputs; Firmware service dispatcher; hardware/client DHCP; firewall dataplane/isolation; boot persistence; physical resource limits; overnight soak
dns	dnsmasq-adaptive-readiness	tests/dnsmasq-adaptive-readiness.sh	fixture	Modeled handoff and native routing decisions; main/SDN readiness; managed-owner matching; failure rollback	Fixture stubs model nvram/service/socket/topology inputs; Firmware service dispatcher; hardware/client DHCP; firewall dataplane/isolation; boot persistence; physical resource limits; overnight soak
dns	dnsmasq-lan-mode	tests/dnsmasq-lan-mode.sh	fixture	Modeled handoff and native routing decisions; main/SDN readiness; managed-owner matching; failure rollback	Fixture stubs model nvram/service/socket/topology inputs; Firmware service dispatcher; hardware/client DHCP; firewall dataplane/isolation; boot persistence; physical resource limits; overnight soak
dns	s99-dns-mode-lifecycle	tests/s99-dns-mode-lifecycle.sh	fixture	Modeled handoff and native routing decisions; main/SDN readiness; managed-owner matching; failure rollback	Fixture stubs model nvram/service/socket/topology inputs; Firmware service dispatcher; hardware/client DHCP; firewall dataplane/isolation; boot persistence; physical resource limits; overnight soak
dns	s99-netstat-readiness	tests/s99-netstat-readiness.sh	fixture	Modeled handoff and native routing decisions; main/SDN readiness; managed-owner matching; failure rollback	Fixture stubs model nvram/service/socket/topology inputs; Firmware service dispatcher; hardware/client DHCP; firewall dataplane/isolation; boot persistence; physical resource limits; overnight soak
dns	s99-startup-readiness	tests/s99-startup-readiness.sh	fixture	Modeled handoff and native routing decisions; main/SDN readiness; managed-owner matching; failure rollback	Fixture stubs model nvram/service/socket/topology inputs; Firmware service dispatcher; hardware/client DHCP; firewall dataplane/isolation; boot persistence; physical resource limits; overnight soak
dns	installer-startup-readiness	tests/installer-startup-readiness.sh	fixture	Modeled handoff and native routing decisions; main/SDN readiness; managed-owner matching; failure rollback	Fixture stubs model nvram/service/socket/topology inputs; Firmware service dispatcher; hardware/client DHCP; firewall dataplane/isolation; boot persistence; physical resource limits; overnight soak
dns	rc-required-handoff-fallback	tests/rc-required-handoff-fallback.sh	fixture	Modeled handoff and native routing decisions; main/SDN readiness; managed-owner matching; failure rollback	Fixture stubs model nvram/service/socket/topology inputs; Firmware service dispatcher; hardware/client DHCP; firewall dataplane/isolation; boot persistence; physical resource limits; overnight soak
dns	private-ipv4-dns-fallback-chain	tests/private-ipv4-dns-fallback-chain.sh	fixture	Modeled handoff and native routing decisions; main/SDN readiness; managed-owner matching; failure rollback	Fixture stubs model nvram/service/socket/topology inputs; Firmware service dispatcher; hardware/client DHCP; firewall dataplane/isolation; boot persistence; physical resource limits; overnight soak
lifecycle	start-adguardhome-lifecycle	tests/start-adguardhome-lifecycle.sh	fixture	Start/stop/restart failure propagation; verified shutdown; process identity; bounded monitor recovery	Fixture stubs model nvram/service/socket/topology inputs; Firmware service dispatcher; hardware/client DHCP; firewall dataplane/isolation; boot persistence; physical resource limits; overnight soak
lifecycle	stop-adguardhome-failure	tests/stop-adguardhome-failure.sh	fixture	Start/stop/restart failure propagation; verified shutdown; process identity; bounded monitor recovery	Fixture stubs model nvram/service/socket/topology inputs; Firmware service dispatcher; hardware/client DHCP; firewall dataplane/isolation; boot persistence; physical resource limits; overnight soak
lifecycle	monitor-stop-postconditions	tests/monitor-stop-postconditions.sh	fixture	Start/stop/restart failure propagation; verified shutdown; process identity; bounded monitor recovery	Fixture stubs model nvram/service/socket/topology inputs; Firmware service dispatcher; hardware/client DHCP; firewall dataplane/isolation; boot persistence; physical resource limits; overnight soak
lifecycle	monitor-stop-config-fallback	tests/monitor-stop-config-fallback.sh	fixture	Start/stop/restart failure propagation; verified shutdown; process identity; bounded monitor recovery	Fixture stubs model nvram/service/socket/topology inputs; Firmware service dispatcher; hardware/client DHCP; firewall dataplane/isolation; boot persistence; physical resource limits; overnight soak
lifecycle	monitor-retry-backoff	tests/monitor-retry-backoff.sh	fixture	Start/stop/restart failure propagation; verified shutdown; process identity; bounded monitor recovery	Fixture stubs model nvram/service/socket/topology inputs; Firmware service dispatcher; hardware/client DHCP; firewall dataplane/isolation; boot persistence; physical resource limits; overnight soak
lifecycle	rc-process-signaling	tests/rc-process-signaling.sh	fixture	Start/stop/restart failure propagation; verified shutdown; process identity; bounded monitor recovery	Fixture stubs model nvram/service/socket/topology inputs; Firmware service dispatcher; hardware/client DHCP; firewall dataplane/isolation; boot persistence; physical resource limits; overnight soak
lifecycle	rc-restart-stop-failure	tests/rc-restart-stop-failure.sh	fixture	Start/stop/restart failure propagation; verified shutdown; process identity; bounded monitor recovery	Fixture stubs model nvram/service/socket/topology inputs; Firmware service dispatcher; hardware/client DHCP; firewall dataplane/isolation; boot persistence; physical resource limits; overnight soak
lifecycle	rc-startup-signal-determinism	tests/rc-startup-signal-determinism.sh	fixture	Start/stop/restart failure propagation; verified shutdown; process identity; bounded monitor recovery	Fixture stubs model nvram/service/socket/topology inputs; Firmware service dispatcher; hardware/client DHCP; firewall dataplane/isolation; boot persistence; physical resource limits; overnight soak
lifecycle	service-opt-disappearance	tests/service-opt-disappearance.sh	fixture	Start/stop/restart failure propagation; verified shutdown; process identity; bounded monitor recovery	Fixture stubs model nvram/service/socket/topology inputs; Firmware service dispatcher; hardware/client DHCP; firewall dataplane/isolation; boot persistence; physical resource limits; overnight soak
lifecycle	installer-service-status-after-action	tests/installer-service-status-after-action.sh	fixture	Start/stop/restart failure propagation; verified shutdown; process identity; bounded monitor recovery	Fixture stubs model nvram/service/socket/topology inputs; Firmware service dispatcher; hardware/client DHCP; firewall dataplane/isolation; boot persistence; physical resource limits; overnight soak
lifecycle	installer-status	tests/installer-status.sh	fixture	Start/stop/restart failure propagation; verified shutdown; process identity; bounded monitor recovery	Fixture stubs model nvram/service/socket/topology inputs; Firmware service dispatcher; hardware/client DHCP; firewall dataplane/isolation; boot persistence; physical resource limits; overnight soak
lifecycle	s99-usleep-fallback	tests/s99-usleep-fallback.sh	fixture	Start/stop/restart failure propagation; verified shutdown; process identity; bounded monitor recovery	Fixture stubs model nvram/service/socket/topology inputs; Firmware service dispatcher; hardware/client DHCP; firewall dataplane/isolation; boot persistence; physical resource limits; overnight soak
lifecycle	service-lifecycle-suite-timeout	tests/service-lifecycle-suite-timeout.sh	fixture	Lifecycle suite watchdog cancellation stays quiet; real expiry terminates suite and fails	Hardware timing/resource limits; firmware scheduler and boot persistence
locks	service-lock-path-safety	tests/service-lock-path-safety.sh	fixture	Private lock paths; stable descriptor inode; fallback identity/serialization; unsafe target preservation	Fixture stubs model nvram/service/socket/topology inputs; Firmware service dispatcher; hardware/client DHCP; firewall dataplane/isolation; boot persistence; physical resource limits; overnight soak
locks	service-lock-serialization	tests/service-lock-serialization.sh	fixture	Private lock paths; stable descriptor inode; fallback identity/serialization; unsafe target preservation	Fixture stubs model nvram/service/socket/topology inputs; Firmware service dispatcher; hardware/client DHCP; firewall dataplane/isolation; boot persistence; physical resource limits; overnight soak
locks	installer-service-lock-fd	tests/installer-service-lock-fd.sh	fixture	Private lock paths; stable descriptor inode; fallback identity/serialization; unsafe target preservation	Fixture stubs model nvram/service/socket/topology inputs; Firmware service dispatcher; hardware/client DHCP; firewall dataplane/isolation; boot persistence; physical resource limits; overnight soak
locks	ipset-lock-security	tests/ipset-lock-security.sh	fixture	Private lock paths; stable descriptor inode; fallback identity/serialization; unsafe target preservation	Fixture stubs model nvram/service/socket/topology inputs; Firmware service dispatcher; hardware/client DHCP; firewall dataplane/isolation; boot persistence; physical resource limits; overnight soak
locks	runtime-writable-path-security	tests/runtime-writable-path-security.sh	fixture	Private lock paths; stable descriptor inode; fallback identity/serialization; unsafe target preservation	Fixture stubs model nvram/service/socket/topology inputs; Firmware service dispatcher; hardware/client DHCP; firewall dataplane/isolation; boot persistence; physical resource limits; overnight soak
locks	installer-lock-diagnostics	tests/installer-lock-diagnostics.sh	fixture	Private lock paths; stable descriptor inode; fallback identity/serialization; unsafe target preservation	Fixture stubs model nvram/service/socket/topology inputs; Firmware service dispatcher; hardware/client DHCP; firewall dataplane/isolation; boot persistence; physical resource limits; overnight soak
cache	local-cache-readiness	tests/local-cache-readiness.sh	fixture	Cache readiness and serialized activation; native resolver preference restoration; saved failure propagation	Fixture stubs model nvram/service/socket/topology inputs; Firmware service dispatcher; hardware/client DHCP; firewall dataplane/isolation; boot persistence; physical resource limits; overnight soak
cache	local-cache-serialization	tests/local-cache-serialization.sh	fixture	Cache readiness and serialized activation; native resolver preference restoration; saved failure propagation	Fixture stubs model nvram/service/socket/topology inputs; Firmware service dispatcher; hardware/client DHCP; firewall dataplane/isolation; boot persistence; physical resource limits; overnight soak
cache	installer-local-cache-save-failure	tests/installer-local-cache-save-failure.sh	fixture	Cache readiness and serialized activation; native resolver preference restoration; saved failure propagation	Fixture stubs model nvram/service/socket/topology inputs; Firmware service dispatcher; hardware/client DHCP; firewall dataplane/isolation; boot persistence; physical resource limits; overnight soak
settings	installer-cli-runtime-config	tests/installer-cli-runtime-config.sh	fixture	Scoped YAML/preferences; staged credentials; validated input; runtime defaults; permissions	Fixture stubs model nvram/service/socket/topology inputs; Firmware service dispatcher; hardware/client DHCP; firewall dataplane/isolation; boot persistence; physical resource limits; overnight soak
settings	adguardhome-scoped-config	tests/adguardhome-scoped-config.sh	fixture	Scoped YAML/preferences; staged credentials; validated input; runtime defaults; permissions	Fixture stubs model nvram/service/socket/topology inputs; Firmware service dispatcher; hardware/client DHCP; firewall dataplane/isolation; boot persistence; physical resource limits; overnight soak
settings	installer-staged-authentication	tests/installer-staged-authentication.sh	fixture	Scoped YAML/preferences; staged credentials; validated input; runtime defaults; permissions	Fixture stubs model nvram/service/socket/topology inputs; Firmware service dispatcher; hardware/client DHCP; firewall dataplane/isolation; boot persistence; physical resource limits; overnight soak
settings	installer-staged-yaml-validation	tests/installer-staged-yaml-validation.sh	fixture	Scoped YAML/preferences; staged credentials; validated input; runtime defaults; permissions	Fixture stubs model nvram/service/socket/topology inputs; Firmware service dispatcher; hardware/client DHCP; firewall dataplane/isolation; boot persistence; physical resource limits; overnight soak
settings	installer-yaml-nvars-file-action	tests/installer-yaml-nvars-file-action.sh	fixture	Scoped YAML/preferences; staged credentials; validated input; runtime defaults; permissions	Fixture stubs model nvram/service/socket/topology inputs; Firmware service dispatcher; hardware/client DHCP; firewall dataplane/isolation; boot persistence; physical resource limits; overnight soak
settings	installer-yaml-validation-rollback	tests/installer-yaml-validation-rollback.sh	fixture	Scoped YAML/preferences; staged credentials; validated input; runtime defaults; permissions	Fixture stubs model nvram/service/socket/topology inputs; Firmware service dispatcher; hardware/client DHCP; firewall dataplane/isolation; boot persistence; physical resource limits; overnight soak
settings	installer-account-validation	tests/installer-account-validation.sh	fixture	Scoped YAML/preferences; staged credentials; validated input; runtime defaults; permissions	Fixture stubs model nvram/service/socket/topology inputs; Firmware service dispatcher; hardware/client DHCP; firewall dataplane/isolation; boot persistence; physical resource limits; overnight soak
settings	installer-input-loops	tests/installer-input-loops.sh	fixture	Scoped YAML/preferences; staged credentials; validated input; runtime defaults; permissions	Fixture stubs model nvram/service/socket/topology inputs; Firmware service dispatcher; hardware/client DHCP; firewall dataplane/isolation; boot persistence; physical resource limits; overnight soak
settings	installer-confirmation-failure-propagation	tests/installer-confirmation-failure-propagation.sh	fixture	Scoped YAML/preferences; staged credentials; validated input; runtime defaults; permissions	Fixture stubs model nvram/service/socket/topology inputs; Firmware service dispatcher; hardware/client DHCP; firewall dataplane/isolation; boot persistence; physical resource limits; overnight soak
settings	installer-setting-confirmation-failure	tests/installer-setting-confirmation-failure.sh	fixture	Scoped YAML/preferences; staged credentials; validated input; runtime defaults; permissions	Fixture stubs model nvram/service/socket/topology inputs; Firmware service dispatcher; hardware/client DHCP; firewall dataplane/isolation; boot persistence; physical resource limits; overnight soak
settings	installer-mandatory-number-failure	tests/installer-mandatory-number-failure.sh	fixture	Scoped YAML/preferences; staged credentials; validated input; runtime defaults; permissions	Fixture stubs model nvram/service/socket/topology inputs; Firmware service dispatcher; hardware/client DHCP; firewall dataplane/isolation; boot persistence; physical resource limits; overnight soak
settings	installer-dns-input-failure	tests/installer-dns-input-failure.sh	fixture	Scoped YAML/preferences; staged credentials; validated input; runtime defaults; permissions	Fixture stubs model nvram/service/socket/topology inputs; Firmware service dispatcher; hardware/client DHCP; firewall dataplane/isolation; boot persistence; physical resource limits; overnight soak
settings	installer-timezone-failure	tests/installer-timezone-failure.sh	fixture	Scoped YAML/preferences; staged credentials; validated input; runtime defaults; permissions	Fixture stubs model nvram/service/socket/topology inputs; Firmware service dispatcher; hardware/client DHCP; firewall dataplane/isolation; boot persistence; physical resource limits; overnight soak
settings	installer-web-port-failure	tests/installer-web-port-failure.sh	fixture	Scoped YAML/preferences; staged credentials; validated input; runtime defaults; permissions	Fixture stubs model nvram/service/socket/topology inputs; Firmware service dispatcher; hardware/client DHCP; firewall dataplane/isolation; boot persistence; physical resource limits; overnight soak
settings	installer-web-port-sync	tests/installer-web-port-sync.sh	fixture	Scoped YAML/preferences; staged credentials; validated input; runtime defaults; permissions	Fixture stubs model nvram/service/socket/topology inputs; Firmware service dispatcher; hardware/client DHCP; firewall dataplane/isolation; boot persistence; physical resource limits; overnight soak
settings	installer-dns-environment-failure	tests/installer-dns-environment-failure.sh	fixture	Scoped YAML/preferences; staged credentials; validated input; runtime defaults; permissions	Fixture stubs model nvram/service/socket/topology inputs; Firmware service dispatcher; hardware/client DHCP; firewall dataplane/isolation; boot persistence; physical resource limits; overnight soak
settings	adguardhome-permissions	tests/adguardhome-permissions.sh	fixture	Scoped YAML/preferences; staged credentials; validated input; runtime defaults; permissions	Fixture stubs model nvram/service/socket/topology inputs; Firmware service dispatcher; hardware/client DHCP; firewall dataplane/isolation; boot persistence; physical resource limits; overnight soak
settings	adguardhome-go-environment	tests/adguardhome-go-environment.sh	fixture	Scoped YAML/preferences; staged credentials; validated input; runtime defaults; permissions	Fixture stubs model nvram/service/socket/topology inputs; Firmware service dispatcher; hardware/client DHCP; firewall dataplane/isolation; boot persistence; physical resource limits; overnight soak
settings	adguardhome-proc-settings	tests/adguardhome-proc-settings.sh	fixture	Scoped YAML/preferences; staged credentials; validated input; runtime defaults; permissions	Fixture stubs model nvram/service/socket/topology inputs; Firmware service dispatcher; hardware/client DHCP; firewall dataplane/isolation; boot persistence; physical resource limits; overnight soak
settings	runtime-default-regression	tests/runtime-default-regression.sh	fixture	Scoped YAML/preferences; staged credentials; validated input; runtime defaults; permissions	Fixture stubs model nvram/service/socket/topology inputs; Firmware service dispatcher; hardware/client DHCP; firewall dataplane/isolation; boot persistence; physical resource limits; overnight soak
settings	installer-migrate-runtime-defaults	tests/installer-migrate-runtime-defaults.sh	fixture	Scoped YAML/preferences; staged credentials; validated input; runtime defaults; permissions	Fixture stubs model nvram/service/socket/topology inputs; Firmware service dispatcher; hardware/client DHCP; firewall dataplane/isolation; boot persistence; physical resource limits; overnight soak
settings	installer-menu-range	tests/installer-menu-range.sh	fixture	Scoped YAML/preferences; staged credentials; validated input; runtime defaults; permissions	Fixture stubs model nvram/service/socket/topology inputs; Firmware service dispatcher; hardware/client DHCP; firewall dataplane/isolation; boot persistence; physical resource limits; overnight soak
settings	installer-single-arg-actions	tests/installer-single-arg-actions.sh	fixture	Scoped YAML/preferences; staged credentials; validated input; runtime defaults; permissions	Fixture stubs model nvram/service/socket/topology inputs; Firmware service dispatcher; hardware/client DHCP; firewall dataplane/isolation; boot persistence; physical resource limits; overnight soak
ipset	ipset-current-file	tests/ipset-current-file.sh	fixture	Topology/version gates; modeled rule publication/cleanup; setup rollback; status and preference failures	Fixture stubs model nvram/service/socket/topology inputs; Firmware service dispatcher; hardware/client DHCP; firewall dataplane/isolation; boot persistence; physical resource limits; overnight soak
ipset	ipset-empty-rules	tests/ipset-empty-rules.sh	fixture	Topology/version gates; modeled rule publication/cleanup; setup rollback; status and preference failures	Fixture stubs model nvram/service/socket/topology inputs; Firmware service dispatcher; hardware/client DHCP; firewall dataplane/isolation; boot persistence; physical resource limits; overnight soak
ipset	ipset-lan-mode	tests/ipset-lan-mode.sh	fixture	Topology/version gates; modeled rule publication/cleanup; setup rollback; status and preference failures	Fixture stubs model nvram/service/socket/topology inputs; Firmware service dispatcher; hardware/client DHCP; firewall dataplane/isolation; boot persistence; physical resource limits; overnight soak
ipset	ipset-legacy-disable	tests/ipset-legacy-disable.sh	fixture	Topology/version gates; modeled rule publication/cleanup; setup rollback; status and preference failures	Fixture stubs model nvram/service/socket/topology inputs; Firmware service dispatcher; hardware/client DHCP; firewall dataplane/isolation; boot persistence; physical resource limits; overnight soak
ipset	ipset-setup-rollback	tests/ipset-setup-rollback.sh	fixture	Topology/version gates; modeled rule publication/cleanup; setup rollback; status and preference failures	Fixture stubs model nvram/service/socket/topology inputs; Firmware service dispatcher; hardware/client DHCP; firewall dataplane/isolation; boot persistence; physical resource limits; overnight soak
ipset	ipset-status	tests/ipset-status.sh	fixture	Topology/version gates; modeled rule publication/cleanup; setup rollback; status and preference failures	Fixture stubs model nvram/service/socket/topology inputs; Firmware service dispatcher; hardware/client DHCP; firewall dataplane/isolation; boot persistence; physical resource limits; overnight soak
ipset	ipset-version-gate	tests/ipset-version-gate.sh	fixture	Topology/version gates; modeled rule publication/cleanup; setup rollback; status and preference failures	Fixture stubs model nvram/service/socket/topology inputs; Firmware service dispatcher; hardware/client DHCP; firewall dataplane/isolation; boot persistence; physical resource limits; overnight soak
ipset	installer-ipset-allowed-mode-fallback	tests/installer-ipset-allowed-mode-fallback.sh	fixture	Topology/version gates; modeled rule publication/cleanup; setup rollback; status and preference failures	Fixture stubs model nvram/service/socket/topology inputs; Firmware service dispatcher; hardware/client DHCP; firewall dataplane/isolation; boot persistence; physical resource limits; overnight soak
ipset	installer-ipset-save-failure	tests/installer-ipset-save-failure.sh	fixture	Topology/version gates; modeled rule publication/cleanup; setup rollback; status and preference failures	Fixture stubs model nvram/service/socket/topology inputs; Firmware service dispatcher; hardware/client DHCP; firewall dataplane/isolation; boot persistence; physical resource limits; overnight soak
ipset	installer-ipset-setup-save-failure	tests/installer-ipset-setup-save-failure.sh	fixture	Topology/version gates; modeled rule publication/cleanup; setup rollback; status and preference failures	Fixture stubs model nvram/service/socket/topology inputs; Firmware service dispatcher; hardware/client DHCP; firewall dataplane/isolation; boot persistence; physical resource limits; overnight soak
ipset	netcheck-legacy	tests/netcheck-legacy.sh	fixture	Topology/version gates; modeled rule publication/cleanup; setup rollback; status and preference failures	Fixture stubs model nvram/service/socket/topology inputs; Firmware service dispatcher; hardware/client DHCP; firewall dataplane/isolation; boot persistence; physical resource limits; overnight soak
integrity	canonical-path-symlink	tests/canonical-path-symlink.sh	fixture	Digest/output rejection; secure transport fallback decisions; paths/dependencies; owned failure cleanup	Fixture stubs model nvram/service/socket/topology inputs; Firmware service dispatcher; hardware/client DHCP; firewall dataplane/isolation; boot persistence; physical resource limits; overnight soak
integrity	router-path-priority	tests/router-path-priority.sh	fixture	Digest/output rejection; secure transport fallback decisions; paths/dependencies; owned failure cleanup	Fixture stubs model nvram/service/socket/topology inputs; Firmware service dispatcher; hardware/client DHCP; firewall dataplane/isolation; boot persistence; physical resource limits; overnight soak
integrity	static-checksum-output-validation	tests/static-checksum-output-validation.sh	fixture	Digest/output rejection; secure transport fallback decisions; paths/dependencies; owned failure cleanup	Fixture stubs model nvram/service/socket/topology inputs; Firmware service dispatcher; hardware/client DHCP; firewall dataplane/isolation; boot persistence; physical resource limits; overnight soak
integrity	download-static-failure-safety	tests/download-static-failure-safety.sh	fixture	Digest/output rejection; secure transport fallback decisions; paths/dependencies; owned failure cleanup	Fixture stubs model nvram/service/socket/topology inputs; Firmware service dispatcher; hardware/client DHCP; firewall dataplane/isolation; boot persistence; physical resource limits; overnight soak
integrity	download-static-interruption-cleanup	tests/download-static-interruption-cleanup.sh	fixture	Digest/output rejection; secure transport fallback decisions; paths/dependencies; owned failure cleanup	Fixture stubs model nvram/service/socket/topology inputs; Firmware service dispatcher; hardware/client DHCP; firewall dataplane/isolation; boot persistence; physical resource limits; overnight soak
integrity	installer-md5-helper	tests/installer-md5-helper.sh	fixture	Digest/output rejection; secure transport fallback decisions; paths/dependencies; owned failure cleanup	Fixture stubs model nvram/service/socket/topology inputs; Firmware service dispatcher; hardware/client DHCP; firewall dataplane/isolation; boot persistence; physical resource limits; overnight soak
integrity	installer-sha256-helper	tests/installer-sha256-helper.sh	fixture	Digest/output rejection; secure transport fallback decisions; paths/dependencies; owned failure cleanup	Fixture stubs model nvram/service/socket/topology inputs; Firmware service dispatcher; hardware/client DHCP; firewall dataplane/isolation; boot persistence; physical resource limits; overnight soak
integrity	installer-checksum-compatibility-policy	tests/installer-checksum-compatibility-policy.sh	fixture	Digest/output rejection; secure transport fallback decisions; paths/dependencies; owned failure cleanup	Fixture stubs model nvram/service/socket/topology inputs; Firmware service dispatcher; hardware/client DHCP; firewall dataplane/isolation; boot persistence; physical resource limits; overnight soak
integrity	installer-secure-download-fallback	tests/installer-secure-download-fallback.sh	fixture	Digest/output rejection; secure transport fallback decisions; paths/dependencies; owned failure cleanup	Fixture stubs model nvram/service/socket/topology inputs; Firmware service dispatcher; hardware/client DHCP; firewall dataplane/isolation; boot persistence; physical resource limits; overnight soak
integrity	installer-jq-helper	tests/installer-jq-helper.sh	fixture	Digest/output rejection; secure transport fallback decisions; paths/dependencies; owned failure cleanup	Fixture stubs model nvram/service/socket/topology inputs; Firmware service dispatcher; hardware/client DHCP; firewall dataplane/isolation; boot persistence; physical resource limits; overnight soak
integrity	installer-preflight-actions	tests/installer-preflight-actions.sh	fixture	Digest/output rejection; secure transport fallback decisions; paths/dependencies; owned failure cleanup	Fixture stubs model nvram/service/socket/topology inputs; Firmware service dispatcher; hardware/client DHCP; firewall dataplane/isolation; boot persistence; physical resource limits; overnight soak
integrity	installer-opkg-options	tests/installer-opkg-options.sh	fixture	Digest/output rejection; secure transport fallback decisions; paths/dependencies; owned failure cleanup	Fixture stubs model nvram/service/socket/topology inputs; Firmware service dispatcher; hardware/client DHCP; firewall dataplane/isolation; boot persistence; physical resource limits; overnight soak
integrity	optional-database-links	tests/optional-database-links.sh	fixture	Digest/output rejection; secure transport fallback decisions; paths/dependencies; owned failure cleanup	Fixture stubs model nvram/service/socket/topology inputs; Firmware service dispatcher; hardware/client DHCP; firewall dataplane/isolation; boot persistence; physical resource limits; overnight soak
integrity	installer-blocklist-cleanup	tests/installer-blocklist-cleanup.sh	fixture	Digest/output rejection; secure transport fallback decisions; paths/dependencies; owned failure cleanup	Fixture stubs model nvram/service/socket/topology inputs; Firmware service dispatcher; hardware/client DHCP; firewall dataplane/isolation; boot persistence; physical resource limits; overnight soak
integrity	command-failure-propagation	tests/command-failure-propagation.sh	fixture	Digest/output rejection; secure transport fallback decisions; paths/dependencies; owned failure cleanup	Fixture stubs model nvram/service/socket/topology inputs; Firmware service dispatcher; hardware/client DHCP; firewall dataplane/isolation; boot persistence; physical resource limits; overnight soak
native_dns	virtual-arm-native	tests/virtual-arm-native.sh	native	Native beta/edge/stable binary execution/configuration; stable service lifecycle; real TCP/UDP DNS and A/PTR/AAAA forwarding; current service helpers; listener ownership; restart; native resolver recovery; foreign-owner refusal	Router nvram/service/cru/get_mtlan dependencies modeled; Firmware service dispatcher; hardware/client DHCP; firewall dataplane/isolation; boot persistence; physical resource limits; overnight soak
